{
  "nodeList": [{"type":"start","typeName":"开始","nodeName":"开始","id":"34v56ha2l9c000","top":"160px","left":"100px"},{"type":"dataSet","typeName":"文件","nodeName":"文件","id":"5sdjugrcqhc000","top":"160px","left":"315px"},{"type":"encode","typeName":"加密","nodeName":"加密","id":"3atqi5p6oa4000","top":"80px","left":"600px"},{"type":"personService","typeName":"个人服务","nodeName":"个人服务","id":"49vcu89p5q0000","top":"245px","left":"600px"},{"type":"arrange","typeName":"清洗","nodeName":"清洗","id":"1jhiilb0t2tc00","top":"180px","left":"880px"},{"type":"end","typeName":"结束","nodeName":"结束","id":"1ogr3wzy6zhc00","top":"180px","left":"1160px"}],
  "lineList": [{"from":"34v56ha2l9c000","to":"5sdjugrcqhc000","label":"连线名称","id":"5n6pp5xqd6s000","Remark":""},{"from":"5sdjugrcqhc000","to":"3atqi5p6oa4000","label":"连线名称","id":"2a0ya9j1kev400","Remark":""},{"from":"5sdjugrcqhc000","to":"49vcu89p5q0000","label":"连线名称","id":"zoisvo5gpvk00","Remark":""},{"from":"3atqi5p6oa4000","to":"1jhiilb0t2tc00","label":"连线名称","id":"4xkb3dju1g0000","Remark":""},{"from":"49vcu89p5q0000","to":"1jhiilb0t2tc00","label":"连线名称","id":"ldc917l47w000","Remark":""},{"from":"1jhiilb0t2tc00","to":"1ogr3wzy6zhc00","label":"连线名称","id":"478galw3u34000","Remark":""}]
}
